,Emotion,URLs,color
0,sad,https://encrypted-tbn0.gstatic.com/images?q=tbn:ANd9GcTx3tebApK-GSoliBABo6ng88CMpeyxNOCxPZVvjtzVjQhdKJ_b_bLOtM9VNw&s,"(41, 41, 50)"
1,sad,https://encrypted-tbn0.gstatic.com/images?q=tbn:ANd9GcTVcfno3xPENVUHADhyet9NbEjENUyUA66IWUuWYaLOd48SR2m1PRmvtnziplY&s,"(185, 155, 120)"
2,sad,https://encrypted-tbn0.gstatic.com/images?q=tbn:ANd9GcQF7jXHBhVKyr0C5bUdaXC7rKs5rj7EazFu3RDsADP0VES0WPpmFgLMtF4HwA&s,"(123, 122, 121)"
3,sad,https://encrypted-tbn0.gstatic.com/images?q=tbn:ANd9GcTzMXlJvsfKYTZwskf6ZY5oqwWkZxV3Qh91JpOwcKNOI9xTTWZwajt_Up_NLg&s,"(80, 97, 124)"
4,sad,https://encrypted-tbn0.gstatic.com/images?q=tbn:ANd9GcR8VmMemPcTfCxgxfE47dtsU6fSiHuukkuCgQjPK2RCqG-vbEyENo2Mg1KnpQ&s,"(55, 61, 59)"
5,sad,https://encrypted-tbn0.gstatic.com/images?q=tbn:ANd9GcRnKWcXNC8NFtn7VAMfxJ979xPeFUgRp5Sfq9giTGezQBUn-ivXYBTdxQ92ti0&s,"(34, 53, 67)"
6,sad,https://encrypted-tbn0.gstatic.com/images?q=tbn:ANd9GcT4y7L9kx6bXOVLGpghAS2q54j8stAgzs8usrWaaVOiREEfxkIz4em7aZJkkeM&s,"(53, 59, 64)"
7,sad,https://encrypted-tbn0.gstatic.com/images?q=tbn:ANd9GcTVc3PZqBqh8fPRyIlNg4sLYlWDDmJSjanLcaYP4B9eP5MWxzuNZujaXC-U-A&s,"(79, 51, 40)"
8,sad,https://encrypted-tbn0.gstatic.com/images?q=tbn:ANd9GcRXfhgPQVRsBKXCjIRx4ADcuC8SEEKOYX_A34V-EDeTUIluSh0v46RbMvkPGm0&s,"(194, 194, 192)"
9,sad,https://encrypted-tbn0.gstatic.com/images?q=tbn:ANd9GcRS5sGx042rh0eNlPiAZbEcLJOIUJxHoOxTA-upDZxsWvX8LCvcq3u4U3BR-Bw&s,"(239, 179, 46)"
10,sad,https://encrypted-tbn0.gstatic.com/images?q=tbn:ANd9GcQZ1PrKwhH2RzGaLFex6vjXsKTo6NVJ5L8A9daj-Bey1eFmpCREivLvd6rbzQ&s,"(65, 47, 26)"
11,sad,https://encrypted-tbn0.gstatic.com/images?q=tbn:ANd9GcT_EogQKByrASU3XZeU_iG1TIsdDMHQwj-pvCjQCKYh4TscQPhQRPbUxpmX0w&s,"(42, 42, 42)"
12,sad,https://encrypted-tbn0.gstatic.com/images?q=tbn:ANd9GcQjwtPQ4nvlwMphwBQp5BngVAl3x80g4IKADKytqFYIoRuttIFnWxeMPjC5Ng&s,"(156, 188, 188)"
13,sad,https://encrypted-tbn0.gstatic.com/images?q=tbn:ANd9GcSo34D0lqng7w1jZBwCGibsh6jNit9T59T8VV6hquIlGmBWj4JLN0y1L2i9ug&s,"(34, 31, 25)"
14,sad,https://encrypted-tbn0.gstatic.com/images?q=tbn:ANd9GcTMF31CdH7HZwOd5eI8IQr8QdWHhK3oQcfHrx-jsczVBDB2b3wp5r3yn6s88F8&s,"(234, 197, 80)"
15,sad,https://encrypted-tbn0.gstatic.com/images?q=tbn:ANd9GcSd0yCc2fnp9vitgGz8e_rtHdTCi2AVb06IkecLX7rZlPHvSMtLRXKFUEw25l4&s,"(32, 33, 35)"
16,sad,https://encrypted-tbn0.gstatic.com/images?q=tbn:ANd9GcT3opGrfnSMz_jK1t_1zqxsLyDOPjEIQpXCdbNxju10f6kkRQUPBIUxC0oM4sw&s,"(200, 185, 155)"
17,sad,https://encrypted-tbn0.gstatic.com/images?q=tbn:ANd9GcSSODHb2SwxObMyr12bRC87_muAHwWiT7i_niG_1GAJSO5_SFShkpuL6OJjFw&s,"(37, 32, 30)"
18,sad,https://encrypted-tbn0.gstatic.com/images?q=tbn:ANd9GcR_zWW2KeaZjiZboF7N1cS4KmONr_5CvUHQYnb2Dp9RUoOjpTDj7ZLgLRUVbg&s,"(40, 38, 39)"
19,sad,https://encrypted-tbn0.gstatic.com/images?q=tbn:ANd9GcRwyNWEuqpnKB9Tv0uwKed6Xd34GCPYBXBnFVy1yHnHwYhqQQ5wUo3Jx_ANT1E&s,"(16, 16, 18)"
20,angry,https://encrypted-tbn0.gstatic.com/images?q=tbn:ANd9GcSsqH5f_PaacuVrEsAY0XXWYknqjzfsEV3OH1i5x-HCOKKEpPqk5vSIAmHN4BY&s,"(35, 27, 24)"
21,angry,https://encrypted-tbn0.gstatic.com/images?q=tbn:ANd9GcT8Gu7sIllvh3VV49YRurUlHTMKiYPpAtrbSx4oFXFoRr57OeUgFXB4qM5KKw&s,"(42, 22, 21)"
22,angry,https://encrypted-tbn0.gstatic.com/images?q=tbn:ANd9GcSnHMNipc-lBVOVW0Ih06OJ4264SwVsTIGmXddN4UoBI2zajNES9cGiPh7ggg&s,"(220, 54, 42)"
23,angry,https://encrypted-tbn0.gstatic.com/images?q=tbn:ANd9GcQNgjY0_QY1kdWGio3DAo6RR_i66MT5-re3DoqK2CAM5WV4pZSIMtJkat9wSA&s,"(218, 17, 12)"
24,angry,https://encrypted-tbn0.gstatic.com/images?q=tbn:ANd9GcRnvT-HIxcwMdsShQ2bKQ7pnwoPgX74nVvI0RSDfFT9IzJMXYQ2jfS0aHQKjNw&s,"(187, 175, 170)"
25,angry,https://encrypted-tbn0.gstatic.com/images?q=tbn:ANd9GcTQ7lcTAvbirBiAKqO2A7AZ09aR7iBOUucCpic8mq5DcH5KrQARs6u4sOtD1Q&s,"(60, 28, 25)"
26,angry,https://encrypted-tbn0.gstatic.com/images?q=tbn:ANd9GcQr7NUDfay67ucbg-TpFXruCcEVjTowIfkRAPDa5wHnHmpnbKJKAfxfUyHQ4Q&s,"(179, 230, 223)"
27,angry,https://encrypted-tbn0.gstatic.com/images?q=tbn:ANd9GcSRuEOHrxqf5eK8RHWX8UWLpo6clw2rzWnt9zmUIQsijuQpsI-1rxuniIZCDg&s,"(229, 20, 17)"
28,angry,https://encrypted-tbn0.gstatic.com/images?q=tbn:ANd9GcTjzJTeksl7tHHQO93dRhiKWxf1uqZQ_2idXZZ3ARxCBmuNT4xwapUSpiw6vQ&s,"(215, 212, 212)"
29,angry,https://encrypted-tbn0.gstatic.com/images?q=tbn:ANd9GcRFh_OZ9KdZ5JvjsTQMeZMIhtf_31I4ZaoNzRw3lTztOYbvTveJ8OysziCUJg&s,"(191, 36, 43)"
30,angry,https://encrypted-tbn0.gstatic.com/images?q=tbn:ANd9GcQh-gxbII5DDMON9sslHp_hmHziguVcAtUfAVhsriRaYonfYMmfB0nZ0V0H8wg&s,"(238, 114, 60)"
31,angry,https://encrypted-tbn0.gstatic.com/images?q=tbn:ANd9GcQU2GKlyFh9wApsP4J21HvuALs-sEgTwh2Dls5c2SufhbjZMJSUMlFJ3ZEoMjc&s,"(238, 179, 81)"
32,angry,https://encrypted-tbn0.gstatic.com/images?q=tbn:ANd9GcRzypNH_ARe3bPKaAj_diwhhnqgrEnze5EzMCaD8nFR70b71998sHUqY6mdFQ&s,"(30, 13, 12)"
33,angry,https://encrypted-tbn0.gstatic.com/images?q=tbn:ANd9GcSONswaPKJr_Gs7oWOwJ2oO3-DljQJquZ2dnTGrFHQl_uJtsCHkdwnKt_RGcQ&s,"(197, 175, 172)"
34,angry,https://encrypted-tbn0.gstatic.com/images?q=tbn:ANd9GcQ7o3rceIQIvG1hG8diUPWT1MeoaRWH0Pm0w4nwlBmezB-HGbpz90I2w96j&s,"(49, 38, 40)"
35,angry,https://encrypted-tbn0.gstatic.com/images?q=tbn:ANd9GcQ1S0Fc11tgO4YJhgrToHK8Sj1BbzcoR-RrZSk4aLb6yNXZRL3wDrs1YNoXrt0&s,"(195, 66, 8)"
36,angry,https://encrypted-tbn0.gstatic.com/images?q=tbn:ANd9GcQKVs5WeKBpSM4ZLEF9rkDZi8C_IgPkPYFQUcHuKaRCDM9qgupY7wtcJAOfjg&s,"(88, 86, 96)"
37,angry,https://encrypted-tbn0.gstatic.com/images?q=tbn:ANd9GcTK95Ae3M3bHsEl-FFEoJvqzpWVi5tLwS8VgKBC4h7x9uQ5BfR3cO47_-V-oA&s,"(189, 180, 175)"
38,angry,https://encrypted-tbn0.gstatic.com/images?q=tbn:ANd9GcRxr-NCR3zYXPgZLAcZP72uHdwbnjqmIlgN01XdiBouasdVpvUSgDJHbMPSdg&s,"(75, 144, 108)"
39,angry,https://encrypted-tbn0.gstatic.com/images?q=tbn:ANd9GcSNpVBk2i7AqM4mMrlfaRzhnkeJ2KaUj5KjnsRuojoUEZpKPAO5HZAlGJJbWJ4&s,"(102, 51, 59)"
40,happy,https://encrypted-tbn0.gstatic.com/images?q=tbn:ANd9GcSkRfKltC83Tv-YQ31O9qIqBC1412Tc5GPUE4a-2VkUgdcoDYjcMdfAmP8Y9Vs&s,"(123, 59, 147)"
41,happy,https://encrypted-tbn0.gstatic.com/images?q=tbn:ANd9GcQHw2TWpSdfPMpEvJqPBMI7ZBVJzUUF69rfv-aowHk41jIGE0ak1DjR_staP_Y&s,"(12, 111, 182)"
42,happy,https://encrypted-tbn0.gstatic.com/images?q=tbn:ANd9GcTs6Z1W72hk1M6ZRYziX14ZrVp3aWnjcn_cTt-wlowBpDhqFm_vULdFr9svyTM&s,"(224, 201, 218)"
43,happy,https://encrypted-tbn0.gstatic.com/images?q=tbn:ANd9GcRGXSy6kuao5B2cL_CV5QbygDyLKySthEMmqljQ7ZvQ7SBHPGjCNA2G9nYBXvc&s,"(250, 218, 59)"
44,happy,https://encrypted-tbn0.gstatic.com/images?q=tbn:ANd9GcRaAsgcSOvsHDOeYXreZbya0LoQVf8qVX2lJJDmFl6lUUmSw2XkFJvmKsFykw&s,"(132, 194, 211)"
45,happy,https://encrypted-tbn0.gstatic.com/images?q=tbn:ANd9GcTr5iIvca8I5bH8GKFohhEYZ2hIP2t47udp9FioniA-0232rwPj0LsdAtk3Qg&s,"(234, 187, 74)"
46,happy,https://encrypted-tbn0.gstatic.com/images?q=tbn:ANd9GcQ6EyxWZ8czzIkgO1BcM5CBBsIpixY7unmKAlY4HkwkYcgBHZe_RexB8dWg_gA&s,"(227, 100, 43)"
47,happy,https://encrypted-tbn0.gstatic.com/images?q=tbn:ANd9GcQTFb7f0L5PhOix1gBZehccfOPAl4cjEA9SfFm0hspHSN_LogJv4kDccWZpDg&s,"(181, 170, 137)"
48,happy,https://encrypted-tbn0.gstatic.com/images?q=tbn:ANd9GcQ9ziDV93TJOdU11qdqmdEgISOXy4-BDYMHhne9EKUlT9lpvGllFpTqv_dARA&s,"(241, 241, 233)"
49,happy,https://encrypted-tbn0.gstatic.com/images?q=tbn:ANd9GcTuhuwwQexjnG6dlY30-9cJsQPvtmdUZFA1d7ZXBknnFaf3b68x2Vz_3i-oTZ8&s,"(173, 133, 111)"
50,happy,https://encrypted-tbn0.gstatic.com/images?q=tbn:ANd9GcRtxBZNk8exCMfoDooPW_Q2sY9J8iTrs3V7s0Qi6L2CT1pHQz2aSDBpwypeiA&s,"(221, 212, 48)"
51,happy,https://encrypted-tbn0.gstatic.com/images?q=tbn:ANd9GcSKqkfoGu_LnwAXPBZDMqmdOPGJcvxlewB2sGsKDccLnHJK9AMq2XaYvtPtOkA&s,"(248, 186, 22)"
52,happy,https://encrypted-tbn0.gstatic.com/images?q=tbn:ANd9GcTLjnKbPLGjjtmnqnaibb2OYlqBy3hz4cvFc06BDTHWwIAeCJCV6V7pxhLacFY&s,"(213, 158, 17)"
53,happy,https://encrypted-tbn0.gstatic.com/images?q=tbn:ANd9GcQCftlBvbd86RB-mez0tAk7mVwEdSUj5hz6acTXsxob4ffUuplgEZhTiZHP0JI&s,"(20, 12, 9)"
54,happy,https://encrypted-tbn0.gstatic.com/images?q=tbn:ANd9GcT8jm3Tdn4xrtSvwbIInH5ATs_HEWhIBsA-j82C0dzZ2D9MevGq2AN4TR0WICA&s,"(212, 201, 193)"
55,happy,https://encrypted-tbn0.gstatic.com/images?q=tbn:ANd9GcQP8DXDXxVsTCxLuv4wO5mXQPLeQ-k9sSiC8IK04sBjd642ljlGDW0rY7omDw&s,"(50, 166, 209)"
56,happy,https://encrypted-tbn0.gstatic.com/images?q=tbn:ANd9GcSHE07TOmYmJTwrlVYOF0EQZlwGrSkUHlBTzRSx17ET9dX_6MMJIFfBT0npUpw&s,"(197, 120, 13)"
57,happy,https://encrypted-tbn0.gstatic.com/images?q=tbn:ANd9GcSJFHH9SToHEJfUMjZI-cHspAD_fqCrDY6sGfYiHCCqZrwULp6S2WE3Wnq9fg&s,"(160, 219, 221)"
58,happy,https://encrypted-tbn0.gstatic.com/images?q=tbn:ANd9GcQV0iFTDipYvhg9GObg6jM47sKtqohXtClED7t_dEzmL9K4qIe5HXdllz9lqN0&s,"(247, 248, 29)"
59,happy,https://encrypted-tbn0.gstatic.com/images?q=tbn:ANd9GcRnoyVnZHS9iU_stjfYOQKhcEdRmD18ON3jKBAXbVGOHOpNFITjrYajUUxHPio&s,"(243, 195, 12)"
60,afraid,https://encrypted-tbn0.gstatic.com/images?q=tbn:ANd9GcRCGGNY4HnK9NjUesRw_kq0ixo5jUovrHFLpOKoz4q-08vVrenZsM8h_JTAvw&s,"(220, 82, 71)"
61,afraid,https://encrypted-tbn0.gstatic.com/images?q=tbn:ANd9GcRmYZl2YSsz4wXmu3XHmC7dVK5AIpZa0qFb_EA9rfswYeOx85YvAUkinvgTcac&s,"(15, 22, 15)"
62,afraid,https://encrypted-tbn0.gstatic.com/images?q=tbn:ANd9GcQ5klIZCq1J4S97U_pASgglMXWQ1VDerDdf6AeprMQTmPE9d_2dAuetEHiJ9g&s,"(155, 210, 220)"
63,afraid,https://encrypted-tbn0.gstatic.com/images?q=tbn:ANd9GcQQY35oY1X9r0CJYuUMy83-jlMuIxhxFB9ZgM9iS_MdISL1ucuMEKm7bzROuw&s,"(206, 231, 228)"
64,afraid,https://encrypted-tbn0.gstatic.com/images?q=tbn:ANd9GcS4iNpSQyWTtAEuU-q0SXWtmZKk0Qt3H0uwiI_TI1_xKIA0hGOF-aAqHaEQhlw&s,"(218, 209, 206)"
65,afraid,https://encrypted-tbn0.gstatic.com/images?q=tbn:ANd9GcR0QNIlKdq1OwbL1RE-U3pH5c3wCSgvWklEmsOtezQth9Rl4FtxPbR2bY4PPIs&s,"(67, 65, 58)"
66,afraid,https://encrypted-tbn0.gstatic.com/images?q=tbn:ANd9GcSNx1w91dozxuU4TQ-cK3Bdn4PohoMYfBJPo2zmnnlLgGaIL94DFp2A-SZ61Q&s,"(186, 143, 130)"
67,afraid,https://encrypted-tbn0.gstatic.com/images?q=tbn:ANd9GcQG45XtdtMNUgKVJDlso-_9WcIBMJcCMEnYNGf9lz8IUhKQdwKOQCY9dsdmGLw&s,"(241, 239, 238)"
68,afraid,https://encrypted-tbn0.gstatic.com/images?q=tbn:ANd9GcSDne7F2LoVGCe3bwMWrEmyY84Rn2BSTQE8IqYgPao9MQPgPUzaSMLuHpaaFA&s,"(71, 74, 75)"
69,afraid,https://encrypted-tbn0.gstatic.com/images?q=tbn:ANd9GcRV3sy1U4GTdPXwc1SRcbO9FqSGnk5W_NRJnpV4LnF8B3jScncLr-MMdOv1Sg&s,"(4, 4, 4)"
70,afraid,https://encrypted-tbn0.gstatic.com/images?q=tbn:ANd9GcSqgaCbD0SdOEh-ncYLaB0RQt8nx6_exdnaEvcetpOPYhb3tgKNxTm85Wn-Og8&s,"(192, 131, 103)"
71,afraid,https://encrypted-tbn0.gstatic.com/images?q=tbn:ANd9GcS_o-7iEqOzGNs08QjEHq4vxkmb8rpE05TG0djX7Dn5QwiJ1FJkz5bCB4bmJQ&s,"(81, 75, 92)"
72,afraid,https://encrypted-tbn0.gstatic.com/images?q=tbn:ANd9GcTiXGc-r0IA3_8szUq9tNr34sXoLRYbIKrbgZM1Tcd94paB2nmy16S8cBofvZk&s,"(203, 186, 182)"
73,afraid,https://encrypted-tbn0.gstatic.com/images?q=tbn:ANd9GcQV3y3h1be3tUIJuosndhpCMCicrZDdZOlHroIea_MUUhuT1ko-MOjk97BSAQ&s,"(217, 225, 197)"
74,afraid,https://encrypted-tbn0.gstatic.com/images?q=tbn:ANd9GcRqTzJ5t8J7oN9keTwA-eDVsoOsX2mf8b3gkuTCQPsuRdbGosu5mMZ0fx0E0w&s,"(209, 204, 205)"
75,afraid,https://encrypted-tbn0.gstatic.com/images?q=tbn:ANd9GcQNtd5644kOSOtucHL_paqk9V05Z1WDTYSK6-mcZweUD8Ft2dApWQX8Q9TpJg&s,"(189, 205, 214)"
76,afraid,https://encrypted-tbn0.gstatic.com/images?q=tbn:ANd9GcQbmJNxIQIQaWXO263xFsDLyYDLiUf80eizEExd1efdgMfdLvUUP0IgWyzkjA&s,"(230, 229, 228)"
77,afraid,https://encrypted-tbn0.gstatic.com/images?q=tbn:ANd9GcQvxbunyPynHe2BA0z5SkhKaU-UGc0tnc2r9fEMshgpigJP2iJEGuFfB2qfDQ&s,"(217, 186, 176)"
78,afraid,https://encrypted-tbn0.gstatic.com/images?q=tbn:ANd9GcTnd4JkQuOI_jrq00ocgq5JHYVcmYzM25StRgP5PCTs4va5fVNvA3RPC_z2J58&s,"(33, 27, 23)"
79,afraid,https://encrypted-tbn0.gstatic.com/images?q=tbn:ANd9GcSleGbDVUq9WtJClYb6zUpKA6mxTtSCCa5D3gIP7bMvGbKaw8uQBffkNq6YDg&s,"(37, 34, 38)"
80,disgusted,https://encrypted-tbn0.gstatic.com/images?q=tbn:ANd9GcT6WWiEmuLnKS3RlG9drz2jeAX4TxVg0dGYSxX3uZPJU1y6Hxo3sx0oJGMduA&s,"(226, 172, 176)"
81,disgusted,https://encrypted-tbn0.gstatic.com/images?q=tbn:ANd9GcRiDFmUBH8KROn61XX-GJrrf9f7E9uDdO9GkYX4Q-f4T5VpEkOMyWjz1IZM3A&s,"(13, 125, 211)"
82,disgusted,https://encrypted-tbn0.gstatic.com/images?q=tbn:ANd9GcQrFythc_eq0uhwvbCg3cenjegv2n3SsI_YosARVDIHhMtx0vDBqd74Wsv-OA&s,"(47, 133, 206)"
83,disgusted,https://encrypted-tbn0.gstatic.com/images?q=tbn:ANd9GcQQJJRPb4CK25gduRgZMQFknFS8dIIGZad6yEcDnnXSEnbDF52Cw_i-TTA6Yro&s,"(233, 227, 231)"
84,disgusted,https://encrypted-tbn0.gstatic.com/images?q=tbn:ANd9GcQqIuosmM7BkuVPmBX92p5ZfgLSaBB6_av9bJrvYINYp7veeSrseePVqVQ85g&s,"(217, 153, 148)"
85,disgusted,https://encrypted-tbn0.gstatic.com/images?q=tbn:ANd9GcRj5m0XxKjcuOM0jEpD4XGftd6HstLQif9zBBmmV-vGF1oq_I74PPpm-0fGlYA&s,"(181, 173, 166)"
86,disgusted,https://encrypted-tbn0.gstatic.com/images?q=tbn:ANd9GcThk-N9vPNL3DqnmLdlBqzSHRw2oDnxCG0UG_yFdCTOEqM-vGp0MIzo8ijBrw&s,"(17, 16, 24)"
87,disgusted,https://encrypted-tbn0.gstatic.com/images?q=tbn:ANd9GcQ2gDptK6lsy0wbQCfr1m5FY60T0pkmq0qBrdNeJnvHD-fESlzN8U99RnGPAdI&s,"(223, 221, 219)"
88,disgusted,https://encrypted-tbn0.gstatic.com/images?q=tbn:ANd9GcT5fvFVvA4gPwJWuHKaRsEi9EZwIq4RnnQrDQ7jsQXxSJaMDv69DCxNJZ2mVQ&s,"(215, 210, 214)"
89,disgusted,https://encrypted-tbn0.gstatic.com/images?q=tbn:ANd9GcQMtLqWMrMjbcGf6w94-VX9ISRI1y1J8GDR6j9wLbo1dXC8pOb9OMTzrXiSrEU&s,"(96, 83, 86)"
90,disgusted,https://encrypted-tbn0.gstatic.com/images?q=tbn:ANd9GcTZWz7uf3U0ikEBhieOhBqDSG2dI_T5ejSuHdRRs2OrqO-zBE71DRtbVRr3jGY&s,"(146, 189, 211)"
91,disgusted,https://encrypted-tbn0.gstatic.com/images?q=tbn:ANd9GcQYj-nhBuwdO2et9c6h6YmIuQvJ2Q8tbyx6Ak1z2zMvjXX3NMMxirU-cBNaB6I&s,"(147, 150, 141)"
92,disgusted,https://encrypted-tbn0.gstatic.com/images?q=tbn:ANd9GcSv356k6ceBmy4TlOWH-l1HeOHqAkWaSluynz1Z0OJTvrgsBp5Ga8irkrINaA&s,"(191, 181, 175)"
93,disgusted,https://encrypted-tbn0.gstatic.com/images?q=tbn:ANd9GcR2UfF_pngQENYRMko1gYwDrtwf4VfLFYivnsDMPNyYyYY7TPN7JI4QT851dQ&s,"(200, 193, 186)"
94,disgusted,https://encrypted-tbn0.gstatic.com/images?q=tbn:ANd9GcRKRpR6fds7sl6uL3kXX6EV_2Gz9riJVZHJpfCWmJGwnMOHvJ_Gk-h7GAKB7P8&s,"(196, 187, 180)"
95,disgusted,https://encrypted-tbn0.gstatic.com/images?q=tbn:ANd9GcTVX3XouT7-xXUuIyXlg5ZlU6R_ubSbtA-j19IdXvDOrNZiHvZHj2_VqoAYzco&s,"(237, 229, 224)"
96,disgusted,https://encrypted-tbn0.gstatic.com/images?q=tbn:ANd9GcTBHEQNgvlj7dvuDC3yC7an7028PhOX-zx5f9gSYzmvJbDvydvIWFz80Dz0Eg&s,"(220, 229, 196)"
97,disgusted,https://encrypted-tbn0.gstatic.com/images?q=tbn:ANd9GcQM4ezyRZUqfXEJ0OSjpjAmsZogXL3toD2JrVsyWcyqmwMz7R_mqBjKRcg_Pb4&s,"(224, 204, 188)"
98,disgusted,https://encrypted-tbn0.gstatic.com/images?q=tbn:ANd9GcRyF2hioZoWVsxHetyo0KWmuKdRAnuZ1VTJarUOcAefcE7e6bETxvzKOaaLWJo&s,"(118, 105, 115)"
99,disgusted,https://encrypted-tbn0.gstatic.com/images?q=tbn:ANd9GcRrnaj1I5hWfgx9GWwPfHB74wVegzi6M53k0QblDGxk_YkplHI_tzJZNHHs1g&s,"(103, 99, 100)"
100,pleasure,https://encrypted-tbn0.gstatic.com/images?q=tbn:ANd9GcTdGLBoPtxAjSda81eIfDJk1MMn3N7lAdVdn4bQuyI4n2n_5qmD_nJiue3kDUo&s,"(51, 47, 51)"
101,pleasure,https://encrypted-tbn0.gstatic.com/images?q=tbn:ANd9GcTbmSeo2w4hDrazSswnwobOWIjR851cudhjaz20UxIukVAZN12U7ywZojVf-A&s,"(45, 41, 40)"
102,pleasure,https://encrypted-tbn0.gstatic.com/images?q=tbn:ANd9GcToqiqaS0goKygwLFkYXBu6xilefg8fPieahQh3kBCAuDgRh23L6GFIVlPA8Q&s,"(131, 69, 72)"
103,pleasure,https://encrypted-tbn0.gstatic.com/images?q=tbn:ANd9GcT4m8vCgdd_C5VLOf_aPD2371dQGuM2B6bXSoTjCWLPsmjZAT4C2brLfOIbrUI&s,"(49, 44, 43)"
104,pleasure,https://encrypted-tbn0.gstatic.com/images?q=tbn:ANd9GcQENng28_5uxi7zOo_d3E-GBI2zaLj_CRowqI_TlTmVdi0bCmuWpmhYIyCBTsA&s,"(244, 182, 188)"
105,pleasure,https://encrypted-tbn0.gstatic.com/images?q=tbn:ANd9GcSxi8HP849ska5DjJh6p0UX6uJCZcA7qPGaEhjaIlHT1EEYNH0oO-LFFyDo6s8&s,"(42, 65, 71)"
106,pleasure,https://encrypted-tbn0.gstatic.com/images?q=tbn:ANd9GcT4t2jd8xb6wmd4cdwO0TPSxnczBMCgSS9z6Bq5SAmKPYZ8JqYJZw7zuxqD3A&s,"(228, 234, 234)"
107,pleasure,https://encrypted-tbn0.gstatic.com/images?q=tbn:ANd9GcTVw91bbt25rN3BKTVifbLoFGR895I_8f-IBP1HXpLniJ0LAj68Q89vMtXLPg&s,"(64, 59, 58)"
108,pleasure,https://encrypted-tbn0.gstatic.com/images?q=tbn:ANd9GcTwQg3rDyBKU2u2A2c8pqsdHGTm4YujIW8rruTpwIM65dDTNKaI2blW_yAuc9w&s,"(63, 56, 55)"
109,pleasure,https://encrypted-tbn0.gstatic.com/images?q=tbn:ANd9GcQPNg2c98nzK-d8cHw4YuM5xM642A5c1dpd3_jGcEttoDVzWJSWkMHq7ZxEvlg&s,"(68, 72, 83)"
110,pleasure,https://encrypted-tbn0.gstatic.com/images?q=tbn:ANd9GcRc5uKuU9Th_XEBzh2HKKKdxV854lfpF3QcowPhmApQvOGNXn2oEvFl-4HEP_s&s,"(64, 53, 37)"
111,pleasure,https://encrypted-tbn0.gstatic.com/images?q=tbn:ANd9GcSTuUm1isv48SQ9M9JY64xeiDbcvDsVBPBAvm-x_lgLaGlqC56HGhR7r8_hGhc&s,"(59, 54, 47)"
112,pleasure,https://encrypted-tbn0.gstatic.com/images?q=tbn:ANd9GcT_dCx5WzBFr7unlsreR_9BtzvaU-j3AKYV1TS43bM9NeL65dGYwWpTIoaGhg&s,"(233, 212, 208)"
113,pleasure,https://encrypted-tbn0.gstatic.com/images?q=tbn:ANd9GcQUbh4uCVUfrFqtA0I2q46P4boTxsryuUbfjNzT3_Jxkok0fMZANDAIjFhZZvc&s,"(154, 177, 187)"
114,pleasure,https://encrypted-tbn0.gstatic.com/images?q=tbn:ANd9GcSGai3eUgQ7jopasGGSi-bGYyqe8ep6Zx8FmDzslo1PuvKMXKE2A--5Y28aaSI&s,"(219, 166, 148)"
115,pleasure,https://encrypted-tbn0.gstatic.com/images?q=tbn:ANd9GcT4iKq0WqpciiexlGEohurotXVQ4-sgyac3Q4P_Kztvmw6o37fPf9POBW6R_w&s,"(27, 112, 137)"
116,pleasure,https://encrypted-tbn0.gstatic.com/images?q=tbn:ANd9GcQ85oi9SjPimeG2tcGASbTr_W-C6qrkuEy5ePWnTWORbPpkbaYIOgANXrey6Q&s,"(243, 174, 181)"
117,pleasure,https://encrypted-tbn0.gstatic.com/images?q=tbn:ANd9GcTHf2DODLDwvfgqxhBNy-NkqaZBOhT_NxKFoUW-IZIc_YgMI8oIdd230E4RZg&s,"(36, 11, 42)"
118,pleasure,https://encrypted-tbn0.gstatic.com/images?q=tbn:ANd9GcTxY-VzCzNKqA77UaUBADKhnjmlKJH-sz9OsKbtUbeDtXnTfESbt9zNpNI5Jg&s,"(68, 64, 64)"
119,pleasure,https://encrypted-tbn0.gstatic.com/images?q=tbn:ANd9GcTSjNTNnpqwPry7g3-oxunRIdyU9XEdJIIHBjKT0-jEDK4iQvJSvaX4GJpt3Q&s,"(179, 178, 178)"
120,astonished,https://encrypted-tbn0.gstatic.com/images?q=tbn:ANd9GcS04-HOV3NChtDh1DxLrEzK48I_m0qdECuFZuU8hQ0IzEltcrMoqJ4VhRO_QTU&s,"(242, 158, 13)"
121,astonished,https://encrypted-tbn0.gstatic.com/images?q=tbn:ANd9GcRkjdRnPoOtYMnzCR0c8LqSNdhpskY24W--7hS6D2EJ1cknI7OY6jjyBrmjlgE&s,"(72, 43, 32)"
122,astonished,https://encrypted-tbn0.gstatic.com/images?q=tbn:ANd9GcSVzy5IwtLSe9k1IQNe4NJzSyskmczfsoPELDociVfTuD3-Dr3yJQdU4a86FQ&s,"(251, 203, 75)"
123,astonished,https://encrypted-tbn0.gstatic.com/images?q=tbn:ANd9GcT8Uhxa1MMgq4VbAc1KzJUtlqt_2lOT4txHEpkSuh-5ivWLRIFg2cQrgiLVOA&s,"(180, 155, 144)"
124,astonished,https://encrypted-tbn0.gstatic.com/images?q=tbn:ANd9GcQ4gyzt_YmmrDhVQecb1aDXaC8GHzU9uJoqve0UxfNCjSjchqnMsmxGKbHsew&s,"(210, 200, 203)"
125,astonished,https://encrypted-tbn0.gstatic.com/images?q=tbn:ANd9GcTLXQCxVc9saTQmAggu31CwDkAU5e5W7UXgQ-1NwGz8BJt0BgfmeJ2SffN9WQ&s,"(230, 222, 208)"
126,astonished,https://encrypted-tbn0.gstatic.com/images?q=tbn:ANd9GcTLk7IEsLG4RAuEo8WEPYCMfveE6KekPsb4M3vSnlqj3UYiKD8ocHM_VFu37g&s,"(232, 109, 52)"
127,astonished,https://encrypted-tbn0.gstatic.com/images?q=tbn:ANd9GcSWMz9Z74jTvD09DTZA7-JveJUVa1ojyHU5gA6s-UWawhwnm_dm5vkzMMVWiQ&s,"(137, 108, 82)"
128,astonished,https://encrypted-tbn0.gstatic.com/images?q=tbn:ANd9GcRnoitDX5UjNa7pxIpliRHZvphmbQKJ1t3W2ecuSwR2ysYfjTzWL6KV-Qlg-g&s,"(197, 150, 133)"
129,astonished,https://encrypted-tbn0.gstatic.com/images?q=tbn:ANd9GcQsO2vfOK9-pCQCxg238-p4Li61CtZZ3QWtP2HpzU6BN82Yxk-F_r5dfyNFRFk&s,"(248, 204, 46)"
130,astonished,https://encrypted-tbn0.gstatic.com/images?q=tbn:ANd9GcSrHSsNCOz98uaRamSV7k1cCLNGSZdFu_NQDwZX3Y_B8-Zq2HXjPn60L5ATFQ&s,"(231, 151, 158)"
131,astonished,https://encrypted-tbn0.gstatic.com/images?q=tbn:ANd9GcRy-qTFf9XNG9I92oxag9BVwIMjOo7tDk7kmlVjK5CD34JkieLNlk4PBDzAFF8&s,"(206, 193, 187)"
132,astonished,https://encrypted-tbn0.gstatic.com/images?q=tbn:ANd9GcSZYAEgDRL3bwsHQKfsorEM1hfZO7h6H0B-i4X2YqUxd1Vi9RJgDvgb2loMMA&s,"(248, 180, 30)"
133,astonished,https://encrypted-tbn0.gstatic.com/images?q=tbn:ANd9GcS7up9xD96esQXErdGmIqoevl8SyVB3BOsQV350l40zV6fe_Z-8UyoGRGXZ_0o&s,"(224, 221, 222)"
134,astonished,https://encrypted-tbn0.gstatic.com/images?q=tbn:ANd9GcQ3ZdcM3hnTPQdfZz1CXNmoWJ8LVziLFMmmlVoR8am0MymqB5KGSS1CWKwe7w&s,"(53, 44, 35)"
135,astonished,https://encrypted-tbn0.gstatic.com/images?q=tbn:ANd9GcQFllO1BW9Dym9rRkK3DYWZiRrnGekTB2lW8qLzLocLqi3K1HsxfhRrDe1E8n8&s,"(212, 197, 177)"
136,astonished,https://encrypted-tbn0.gstatic.com/images?q=tbn:ANd9GcQ-k3Zs-s_vYQMXLNOG0AzsgxaJbqpIL3kyFbpPeimMpk7vGPE7-YLChyFmvA&s,"(241, 185, 185)"
137,astonished,https://encrypted-tbn0.gstatic.com/images?q=tbn:ANd9GcQ7lv2N2V7CPF3LlL-5odYuDmFuCf_2W5E17PEAqWFXr0Gl81E-0cLCLDj5cw&s,"(196, 203, 209)"
138,astonished,https://encrypted-tbn0.gstatic.com/images?q=tbn:ANd9GcTLKAUWKZHGvGG4ytCPiH4uOaxyFgIV0GWZRYkUWNCbzdQIqYqpI4D1DDQO&s,"(222, 184, 100)"
139,astonished,https://encrypted-tbn0.gstatic.com/images?q=tbn:ANd9GcSdCUe9o8ndgiri_ANLhS2B89WNjNwQHOnzSUGUchPTFkRXBmOt7bjiIofS6w&s,"(250, 199, 52)"
140,nervous,https://encrypted-tbn0.gstatic.com/images?q=tbn:ANd9GcQlyrAFDS0IVG4r6R41ot1jQBPLu-6yLhSv0BsNJbUuIF7q08-993OSOrw9SA&s,"(76, 57, 75)"
141,nervous,https://encrypted-tbn0.gstatic.com/images?q=tbn:ANd9GcRIbNqUqwi41r7X82mP3Y6kuvP7Hy9uR-ldReKKqubVeKmTSBG143aa2HPAN3E&s,"(234, 229, 220)"
142,nervous,https://encrypted-tbn0.gstatic.com/images?q=tbn:ANd9GcQcT1r7z2y5G0NMTIu6jffs2WAm7lTD6s4zqKvfw6DQmckWeIm4ge615Xbt4jo&s,"(229, 223, 225)"
143,nervous,https://encrypted-tbn0.gstatic.com/images?q=tbn:ANd9GcTTxpAtnHh32tcUfDqBgfsaVnkwwVeW-iRzow3sLBCajymycX5wzC9PHO9CZ30&s,"(232, 226, 204)"
144,nervous,https://encrypted-tbn0.gstatic.com/images?q=tbn:ANd9GcQa4JQEQo0xwIdDriYtI-xyaYqf4zhRabSvB9fBC5SWA7idLgh_PlaxnFoKyug&s,"(241, 215, 205)"
145,nervous,https://encrypted-tbn0.gstatic.com/images?q=tbn:ANd9GcRSd1lAAgwHVZgB4nCm2ORy2APiWPrejy70fdXM08sKzUVoUI03ial3J-tKDA&s,"(238, 235, 230)"
146,nervous,https://encrypted-tbn0.gstatic.com/images?q=tbn:ANd9GcT3r7DbdtxnaLjkHgu2OqabA8ujJgr0JqObRtFGKNZw_B_K9btFY2IoT_P8Rw&s,"(128, 163, 203)"
147,nervous,https://encrypted-tbn0.gstatic.com/images?q=tbn:ANd9GcR0ZkYWoirIv2MaSxhrguSypIAQFkucI6i6ARPNmhekFnjJhzmT6J5H_61lEw&s,"(186, 189, 195)"
148,nervous,https://encrypted-tbn0.gstatic.com/images?q=tbn:ANd9GcTASo0Dtu0phhdscNRbFPCHqNX9Zz0CSf_Oa_xtS-1vjySdedirCVWNQ6bykg&s,"(121, 114, 101)"
149,nervous,https://encrypted-tbn0.gstatic.com/images?q=tbn:ANd9GcR1QE-EUZB96X9esPN6992h-qqt1bXepuZ62-F55s64GxgG4naSZPoVXD9lKw&s,"(193, 178, 148)"
150,nervous,https://encrypted-tbn0.gstatic.com/images?q=tbn:ANd9GcRsKd1uzfuCU0bgDk82vq-GjdOMWMg19iAlVvcRl_mS2wz9T30mrjcKsC67YQ&s,"(229, 221, 221)"
151,nervous,https://encrypted-tbn0.gstatic.com/images?q=tbn:ANd9GcQeoMI5lUteOiA6A6Cr_Mso4AbKvNDfObrbn0Nz8-O3324eTDFpy3wDGq8oR_k&s,"(46, 75, 97)"
152,nervous,https://encrypted-tbn0.gstatic.com/images?q=tbn:ANd9GcQk0RxUFzKsSmmo8p4ZtCIkWTcFyVEq22oeHON854yKX_V9Ftf_Yc0XcPm6cJI&s,"(82, 37, 15)"
153,nervous,https://encrypted-tbn0.gstatic.com/images?q=tbn:ANd9GcR5083FuSF9A0OYLJHULuM-nsyRwaZ4WCFmAb2TRGtRs0vMf2y1nhtPcCyCUsc&s,"(194, 136, 132)"
154,nervous,https://encrypted-tbn0.gstatic.com/images?q=tbn:ANd9GcT3iiFfW6Vmyie3Y8KbQ5dmKQf3ryIO1IvAH3Pm4Top9AxND6KPAvSikjbkjA&s,"(20, 32, 67)"
155,nervous,https://encrypted-tbn0.gstatic.com/images?q=tbn:ANd9GcRaEUSd05obiDvzfwvjnOKQBd_B_TBoXIuSALcAAgDkE8BtYKE1O4UHihOiDA&s,"(197, 192, 217)"
156,nervous,https://encrypted-tbn0.gstatic.com/images?q=tbn:ANd9GcQ023k1UeoN-aAfyju1DkPGuqE9exxfd68zEobJJ2QQtRz2qJ-CTJYDsumwuA&s,"(236, 201, 129)"
157,nervous,https://encrypted-tbn0.gstatic.com/images?q=tbn:ANd9GcTrrhAfzhHc45ImEH0WCJn_mMW4Szo1ZTaGUEpKRnLpvXRolYUpqGIypBd9sw&s,"(212, 209, 203)"
158,nervous,https://encrypted-tbn0.gstatic.com/images?q=tbn:ANd9GcQD-a2AIwTZ4bsdSKxl-OmxN_8ldBCVLr9IO_JLLlb6wne9oP1u1P-cu05aWg&s,"(31, 21, 18)"
159,nervous,https://encrypted-tbn0.gstatic.com/images?q=tbn:ANd9GcSGXQvYMeVpbyIvhJLqdbkvoiJbUTg0SqsEGsJCTVmgDS7ckFRV-RFfrtt8wvE&s,"(238, 234, 229)"
160,peaceful,https://encrypted-tbn0.gstatic.com/images?q=tbn:ANd9GcQvKzDs1cuzmTPk0x3zDDUO9oTapyBusJbhg15NtgRR03I9NbEv_x8h5i9uAUI&s,"(66, 54, 44)"
161,peaceful,https://encrypted-tbn0.gstatic.com/images?q=tbn:ANd9GcRtd5DKugq6Fw-eV8NEpj3PpJVL2rx6nZZUGfq1vO_UfzG2BJlwa75WGkOnguw&s,"(192, 166, 136)"
162,peaceful,https://encrypted-tbn0.gstatic.com/images?q=tbn:ANd9GcR1IHpP8wEt19lCptH8IANHDv6iy4qLgkaoeL_WBuTjwqIfeS_AwNn-zxMq2g&s,"(130, 119, 103)"
163,peaceful,https://encrypted-tbn0.gstatic.com/images?q=tbn:ANd9GcQgv8EaRPld35yOSHVqQKWVDIYcvg07kW9-s958skhhT8C2EJ1AQOYuJ5Z6yA&s,"(201, 206, 217)"
164,peaceful,https://encrypted-tbn0.gstatic.com/images?q=tbn:ANd9GcQLOMKMWPqljhOxZVkn-vPvzuVdUhJyLeKwvjGOwT8pfTl7C_2CVGl2CoxZja4&s,"(229, 144, 30)"
165,peaceful,https://encrypted-tbn0.gstatic.com/images?q=tbn:ANd9GcTxw4F9AU1T1clfWyXM0rytKJpwuEhSxIQTgf-J-KC0Otc3mD8lMw2jySiWFBI&s,"(138, 158, 182)"
166,peaceful,https://encrypted-tbn0.gstatic.com/images?q=tbn:ANd9GcTSMfL9RSVb9cU29-q-lpttUv3kdtPskJsCFTAhYcvzbmDWggAYAEvAjo_fHw&s,"(80, 89, 44)"
167,peaceful,https://encrypted-tbn0.gstatic.com/images?q=tbn:ANd9GcTjwadlSYFH0wBtgX5QK37ualb6T11ZsaCk6zI3qwMlVSIRY7l2i2U-sSi9AA&s,"(240, 223, 187)"
168,peaceful,https://encrypted-tbn0.gstatic.com/images?q=tbn:ANd9GcS-W9TGffM0CpPSRbfGBySy9WUqpQETW6mEag7da_KZCXI9jOH_A8GGAtgl8g&s,"(54, 48, 49)"
169,peaceful,https://encrypted-tbn0.gstatic.com/images?q=tbn:ANd9GcSeC0VDzANd_h-_nNyLim8qSYOKEOFsnOg2uH16dUSzsmt1-4IaBZ8FbIODKq8&s,"(215, 181, 172)"
170,peaceful,https://encrypted-tbn0.gstatic.com/images?q=tbn:ANd9GcT_kvQjXhSGGRg9oM4bHN6toWt62hMNv1FN3ZRmNNiDXSRwki9jwDq7cmpI9uE&s,"(85, 92, 123)"
171,peaceful,https://encrypted-tbn0.gstatic.com/images?q=tbn:ANd9GcRAzX5j0MnFapRIOTHLlA3Ug83Td4-KoUDbPwU8X8FJOOxziXYbtm4coeF6iT0&s,"(207, 159, 129)"
172,peaceful,https://encrypted-tbn0.gstatic.com/images?q=tbn:ANd9GcTZ8SWUTbTHiol-ymR4HXRY8pg692JZXroE4cqKK_wov3sUEqh0qC56h_Pn9f8&s,"(55, 71, 74)"
173,peaceful,https://encrypted-tbn0.gstatic.com/images?q=tbn:ANd9GcS8aJrP7zduOo4iVIsdg0aLA-A5OJLqT0B3RYNLxvtVFjE115enKjr1zK6G9dA&s,"(186, 154, 106)"
174,peaceful,https://encrypted-tbn0.gstatic.com/images?q=tbn:ANd9GcTtTAzeYCK6JrT9cMuKyLbmFMZlS2IoK8HB1HBwuZ7HzqvIVTIR8Px7LtmGfQ&s,"(37, 29, 37)"
175,peaceful,https://encrypted-tbn0.gstatic.com/images?q=tbn:ANd9GcSlD5bPEFqOQ5gE0B9ltrtw8y9HD4IagMClfZX09BwCVO4ySb6UL_dv_YVWfw&s,"(127, 136, 156)"
176,peaceful,https://encrypted-tbn0.gstatic.com/images?q=tbn:ANd9GcSXjlnUj7zGJgfQPzIwsL6Ou6C3OW7uxiZoRtNz6Vu60ZfcG8_vloVtk7aqyQ&s,"(45, 35, 37)"
177,peaceful,https://encrypted-tbn0.gstatic.com/images?q=tbn:ANd9GcRGTfKUz_GLFJrxTJp83tb_hlGAhWWs5ltfioPfCMvUlzDvtBuRPZxffiz_xA&s,"(103, 102, 74)"
178,peaceful,https://encrypted-tbn0.gstatic.com/images?q=tbn:ANd9GcQ0VXh1Wfz-ExhaUckffb5uerbdc-M5PJvk6NOfHkkkVLEdxkBA_mUCLcHfRw&s,"(198, 179, 59)"
179,peaceful,https://encrypted-tbn0.gstatic.com/images?q=tbn:ANd9GcRZtwDe67QSs9gfnSq1HP_HEOT8utfezXXydfUm4i45pIp6GEMM7wBELaxBrEE&s,"(58, 50, 15)"
180,nostalgic,https://encrypted-tbn0.gstatic.com/images?q=tbn:ANd9GcRiQWr0Hof7q5g-iK1JxsTotq8KEEAR4-PnwVCrPv-GCvi8tkHOaL_dTHnyKg&s,"(221, 178, 180)"
181,nostalgic,https://encrypted-tbn0.gstatic.com/images?q=tbn:ANd9GcSR30SEp5SjhbwZ_l5UjXNUuztzS6i6_janNmTuRbG47-kzT2lLkylj8qZr9A&s,"(171, 172, 150)"
182,nostalgic,https://encrypted-tbn0.gstatic.com/images?q=tbn:ANd9GcQgqQcEDzufZ6URMQeKEnJhGWlaT1jExKCOutlp8pXBy0nvpN1odGV7M4zJlw&s,"(183, 168, 127)"
183,nostalgic,https://encrypted-tbn0.gstatic.com/images?q=tbn:ANd9GcSifT-Wxtq6T4BCGEvlSX-U84PDfgYfi3EydOuVVB_u74SlJ05zLGM3dRJTyaw&s,"(133, 116, 42)"
184,nostalgic,https://encrypted-tbn0.gstatic.com/images?q=tbn:ANd9GcS_MT4wyzwq-DpqNuqdkKYiw0Prm3j7axbDPi7HBRaLGyylT0iLDTLv2lEsLw&s,"(240, 206, 74)"
185,nostalgic,https://encrypted-tbn0.gstatic.com/images?q=tbn:ANd9GcRwUh3ASzafbJpDr0Bg7YaEpqn7ifM3l2f-_3RVnwC61MPkK-bS3PqsUQ7yqm0&s,"(113, 78, 74)"
186,nostalgic,https://encrypted-tbn0.gstatic.com/images?q=tbn:ANd9GcQAgs6mj7n6fqku2EmDpLhycJTORfkKtctqn7tePn6cF0I_p-v9i5x2avXRJr8&s,"(204, 208, 216)"
187,nostalgic,https://encrypted-tbn0.gstatic.com/images?q=tbn:ANd9GcRl1MsZL0B1A1xYaeqffcrIy016ZrM-LxTNP3iRNpkSxPbNnjtDjb5qAkwks_4&s,"(236, 193, 118)"
188,nostalgic,https://encrypted-tbn0.gstatic.com/images?q=tbn:ANd9GcT7ZyzWrV7R44_KcfGn1YOFvalP4w3veIexfM2Fg76EROnkIJl2YLZ-NmHS3g&s,"(55, 37, 35)"
189,nostalgic,https://encrypted-tbn0.gstatic.com/images?q=tbn:ANd9GcRAqGeohIAi2IxDvXwD8Z6hV3pdk9mbBsjV0RMuE6mc0fJHsytebYhEVIrITRw&s,"(209, 204, 200)"
190,nostalgic,https://encrypted-tbn0.gstatic.com/images?q=tbn:ANd9GcT2cArZfP3SCEm0ZtQZPeVmeBJt4R5Gh_qsuB_SypXbBAHyumWHLOf2bVfnRQ&s,"(220, 220, 209)"
191,nostalgic,https://encrypted-tbn0.gstatic.com/images?q=tbn:ANd9GcTvFXzJoTa-S7yxCp7I3A4_AKxkyqr8pAvujkl8KposTb6svPm5hqct2DQzug&s,"(184, 177, 170)"
192,nostalgic,https://encrypted-tbn0.gstatic.com/images?q=tbn:ANd9GcQ5A8efMQUQ1PkoxXij5nqLaJPQ0EkQ3mbutqYq_JfDwKA519LVdDh9WHT0sA&s,"(69, 94, 96)"
193,nostalgic,https://encrypted-tbn0.gstatic.com/images?q=tbn:ANd9GcRsQqf_Pem6CEePa8G4-_suwvoI5GnfULiQXHZ1gn1c6bMN9EhQj-eMTWF9yg&s,"(63, 79, 82)"
194,nostalgic,https://encrypted-tbn0.gstatic.com/images?q=tbn:ANd9GcTyhhQxMw7WkioIGvMEXYpPOEb8RTO9f3ZWjmwuNbYcAky5yu0C6lBDcNz_72E&s,"(200, 193, 184)"
195,nostalgic,https://encrypted-tbn0.gstatic.com/images?q=tbn:ANd9GcRvj0CCZrpuA8jTqiGDsyuY--1MOpEuyjAQViUfsF1NEa0Duv0sZTyzuo27vw&s,"(47, 30, 63)"
196,nostalgic,https://encrypted-tbn0.gstatic.com/images?q=tbn:ANd9GcRqiMbBDX7Pe4bGpVnOMtbpAzEr18BFQZngRZXL2pM4WBuXwyDs8rwbLblvyg&s,"(214, 172, 106)"
197,nostalgic,https://encrypted-tbn0.gstatic.com/images?q=tbn:ANd9GcSOM1mRQ5bASU3IOBokcMadbP3nSV9U-jVEmoHI5QYqommCrrIro7zXVmxzZwQ&s,"(66, 66, 61)"
198,nostalgic,https://encrypted-tbn0.gstatic.com/images?q=tbn:ANd9GcRDN3A12fOtLQg32TJwmkjUJEE1AEGb60v5T2SDgY-eoirvQSx0hysrqOXhopo&s,"(92, 94, 142)"
199,nostalgic,https://encrypted-tbn0.gstatic.com/images?q=tbn:ANd9GcTjxrlVFn3R_4TTr-rpdQmyEqwzEdfPP6yyiUuyyzzYA1z3kGNLR2QjHGLuhA&s,"(77, 37, 56)"
